participant_id,full_name,email
1,Anna Kovalenko,anna.kovalenko@example.edu
2,Bohdan Melnyk,bohdan.melnyk@example.edu
3,Carla Ortiz,carla.ortiz@example.edu
4,Danylo Shevchenko,danylo.shevchenko@example.edu
5,Eva Novak,eva.novak@example.edu
6,Farid Khan,farid.khan@example.edu
7,Grace Lee,grace.lee@example.edu
8,Halyna Marchenko,halyna.marchenko@example.edu
9,Ivan Petrenko,ivan.petrenko@example.edu
10,Julia Rossi,julia.rossi@example.edu
11,Karim Hassan,karim.hassan@example.edu
12,Lina Chen,lina.chen@example.edu
